{
	"print_job":"Task",
	"file_manager":"File",
	"upgrading":"Upgrade in progress, please wait a moment ...",
	"platform_adjust":"Platform Adjustment",
	"print_config":"Print Configuration",
	"local_file":"Local File",
	"external_file":"USB File",
	"cancel":"Cancel",
	"confirm":"Confirm",
	"print":"Printing",
	"delete":"Delete",
	"print_control":"Control",
	"platform_control":"Platform Control",
	"platform_leveling":"Platform leveling",
	"homing":"Reset",
	"save":"Save",
	"zero":"Reset",
	"reset":"Reset",
	"rise":"Rise",
	"decline":"Decline",
	"system_setting":"Settings",
	"screen_check":"LCD Screen Check",
	"network_setting":"Network Settings",
	"slc_config":"SLC Settings",
	"language_setting":"Language",
	"wifi_connect":"WIFI",
	"ethernet_connect":"Wired",
	"connect":"Connect",
	"choose_wifi":"Chose Wifi",
	"normal_exposure":"Normal Exposure(ms)",
	"distance_rise":"UP",
	"bottom_layer_nums":"Bottom Layers(layer)",
	"platform_speed":"Print Speed(mm/min)",
	"bottom_exposure_time":"Bottom Exposure(ms)",
	"hardware_info":"Hardware Information",
	"hardware_info_plus":"Hardware Info +",
	"system_info":"System_info",
	"platform_lifting":"Platform Lift",
	"adjust_origin":"Calibration",
	"distance_lift":"UP",
	"bottom_layers":"Bottom Layers(layer)",
	"bottom_exposure":"Bottom Exposure(ms)",
	"ip":"IP:",
	"clear":"Clear",
	"shutdown":"Power Off",
	"shutdowning":"shutdowning...",
	"delete_confirm":"Do you want to delete this file?",
	"version_software":"Version",
	"version_control_board":"Version",
	"version_info":"Version",
	"model":"Model:",
	"serial_number":"Serial No:",
	"language_switch":"Language",
	"screen_check_tip1":"Click\"Start\"to light up the LCD screen",
	"screen_check_tip2":"You will need to replace the LCD screen if it displays dark spots",
	"screen_check_tip2_1":"or black block",
	"screen_check_tip3":"(Difficult to do this job? Contact our after-sale service)",
	"print_confirm":"Please check if the LCD screen and resin tank",
	"print_confirm2":"are clean",
	"sure":"Confirm",
	"PgUp":"PgUp",
	"PgDn":"PgDn",
	"cancell":"Cancel",
	"loading":"Loading, Please wait...",
	"savetips":"Whether or not to save?",
	"cleartips":"Whether or not to clear?",
	"resetsystem":"Reset",
	"resetsystemtips":"Are you sure to reset the system?",
	"resetting":"Resetting , please wait..."
}