{
	"print_job":"打印任务",
	"file_manager":"文件管理",
	"platform_adjust":"平台调整",
	"print_config":"打印配置",
	"local_file":"本机文件",
	"external_file":"U盘文件",
	"cancel":"取消",
	"confirm":"确认",
	"print":"打印",
	"delete":"删除",
	"print_control":"打印控制",
	"platform_control":"平台控制",
	"platform_leveling":"平台调平",
	"homing":"归位",
	"save":"保存",
	"zero":"归零",
	"reset":"重置",
	"rise":"上升",
	"decline":"下降",
	"system_setting":"系统设置",
	"screen_check":"屏幕检查",
	"network_setting":"网络设置",
	"slc_config":"SLC设置",
	"language_setting":"语言设置",
	"wifi_connect":"WIFI连接",
	"ethernet_connect":"有线连接",
	"connect":"连接",
	"choose_wifi":"选择WIFI",
	"normal_exposure":"普通层曝光(ms)",
	"distance_rise":"上升距离",
	"bottom_layer_nums":"底层层数(层)",
	"platform_speed":"移动速度(mm/min)",
	"bottom_exposure_time":"底层曝光(ms)",
	"hardware_info":"硬件信息",
	"hardware_info_plus":"硬件信息+",
	"system_info":"系统信息",
	"platform_lifting":"平台升降",
	"adjust_origin":"原点调整",
	"distance_lift":"上升距离",
	"bottom_layers":"底层层数(层)",
	"bottom_exposure":"底层曝光(ms)",
	"ip":"当前IP:",
	"clear":"清除",
	"upgrading":"升级中,请稍等 ...",
	"shutdown":"关机",
	"shutdowning":"关机中 ...",
	"delete_confirm":"确认删除此文件吗？",
	"version_software":"apk版本/触摸屏版本",
	"version_control_board":"控制板版本/显示驱动版本/固件版本",
	"version_info":"版本信息",
	"model":"型号：",
	"serial_number":"序列号：",
	"language_switch":"语言切换",
	"screen_check_tip1":"点击开始按钮过一会屏幕亮起",
	"screen_check_tip2":"若屏幕显示黑斑、黑块即为屏幕异常需要更换屏幕",
	"screen_check_tip3":"（如无法判断请拍照联系售后协助）",
	"print_confirm":"请检查屏幕、料槽是否清洁干净",
	"sure":"确认",
	"PgUp":"上页",
	"PgDn":"下页",
	"cancell":"取消",
	"loading":"载入中，请稍后。。。",
	"savetips":"是否保存？",
	"cleartips":"是否清除？",
	"resetsystem":"复位",
	"resetsystemtips":"确定复位系统吗？",
	"resetting":"复位中,请稍等..."
}